name,category
Elegant Oak Dining Table T203,Table
Modern Leather Armchair C452,Chair
Vintage Chesterfield Sofa S198,Sofa
Classic Crystal Chandelier L150,Lamp
Luxury Glass Display Shelf SH900,Shelf
Stylish Persian Rug R305,Rug
Comfort Oval Wall Mirror M302,Mirror
Contemporary Sliding Door Cabinet CB410,Cabinet
Rustic Pine Bed Frame B621,Bed
Chic Velvet Throw Pillow P112,Cushion
Minimalist Coffee Table T204,Table
Ergonomic Office Chair C453,Chair
Reclining Leather Sofa S199,Sofa
Industrial Pendant Light L151,Lamp
Modular Wooden Bookshelf SH901,Shelf
Geometric Area Rug R306,Rug
Framed Decorative Mirror M303,Mirror
Antique Storage Cabinet CB411,Cabinet
Platform Bed with Storage B622,Bed
Designer Silk Cushion P113,Cushion
Scandinavian Dining Table T205,Table
Executive Mesh Chair C454,Chair
Sectional Fabric Sofa S200,Sofa
Victorian Table Lamp L152,Lamp
Corner Display Shelf SH902,Shelf
Handwoven Jute Rug R307,Rug
Sunburst Wall Mirror M304,Mirror
Vintage Apothecary Cabinet CB412,Cabinet
Four-Poster Canopy Bed B623,Bed
Patterned Throw Pillow P114,Cushion
Round Glass Coffee Table T206,Table
High-Back Leather Chair C455,Chair
Convertible Sofa Bed S201,Sofa
Mid-Century Floor Lamp L153,Lamp
Floating Wall Shelf SH903,Shelf
Braided Cotton Rug R308,Rug
Rustic Barnwood Mirror M305,Mirror
Modern Storage Cabinet CB413,Cabinet
King Size Upholstered Bed B624,Bed
Embroidered Cushion P115,Cushion
Rectangular Oak Table T207,Table
Swivel Gaming Chair C456,Chair
Loveseat Recliner S202,Sofa
Art Deco Table Lamp L154,Lamp
Ladder Bookshelf SH904,Shelf
Shaggy Fur Rug R309,Rug
Antique Oval Mirror M306,Mirror
Glass Door Cabinet CB414,Cabinet
Twin Trundle Bed B625,Bed
Luxury Satin Cushion P116,Cushion
Drop-Leaf Dining Table T208,Table
Mesh Task Chair C457,Chair
Fabric Corner Sofa S203,Sofa
Tiffany Style Lamp L155,Lamp
Triple Tier Shelf SH905,Shelf
Outdoor Patio Rug R310,Rug
Oval Vanity Mirror M307,Mirror
Mahogany Storage Cabinet CB415,Cabinet
Rustic Log Bed B626,Bed
Striped Decorative Cushion P117,Cushion
Square Dining Table T209,Table
Leather Executive Chair C458,Chair
Pull-Out Sleeper Sofa S204,Sofa
LED Desk Lamp L156,Lamp
Industrial Pipe Shelf SH906,Shelf
Seagrass Area Rug R311,Rug
Round Gold Mirror M308,Mirror
Walnut Filing Cabinet CB416,Cabinet
Loft Bunk Bed B627,Bed
Bohemian Print Cushion P118,Cushion
Extendable Dining Table T210,Table
Padded Office Chair C459,Chair
Chesterfield Loveseat S205,Sofa
Brass Floor Lamp L157,Lamp
Cube Storage Shelf SH907,Shelf
Floral Pattern Rug R312,Rug
Rustic Window Pane Mirror M309,Mirror
Cherry Wood Cabinet CB417,Cabinet
Modern Platform Bed B628,Bed
Velvet Throw Cushion P119,Cushion
Glass Dining Table T211,Table
Ergonomic Swivel Chair C460,Chair
Microfiber Reclining Sofa S206,Sofa
Vintage Desk Lamp L158,Lamp
Multi-Purpose Shelf SH908,Shelf
Reversible Area Rug R313,Rug
Antique Bronze Mirror M310,Mirror
White Storage Cabinet CB418,Cabinet
Adjustable King Bed B629,Bed
Tufted Linen Cushion P120,Cushion
Farmhouse Dining Table T212,Table
Mesh Ergonomic Chair C461,Chair
L-Shaped Sofa S207,Sofa
Rattan Floor Lamp L159,Lamp
Rustic Ladder Shelf SH909,Shelf
Vintage Turkish Rug R314,Rug
Square Frameless Mirror M311,Mirror
Steel Storage Cabinet CB419,Cabinet
Upholstered Platform Bed B630,Bed
Embroidered Floral Cushion P121,Cushion
